path	old	new	source
docs/spec/_source/build.py	centre		lane-B keep-as-is (map default)
src/adapter/screen-renderer/properties-panel.ts	colour		lane-B keep-as-is (map default)
src/adapter/screen-renderer/screen-renderer.ts	colour		lane-B keep-as-is (map default)
src/adapter/svg-renderer/svg-renderer.ts	colour		lane-B keep-as-is (map default)
src/framework/dom-screen-surface/dom-screen-surface.ts	colour		lane-B keep-as-is (map default)
src/framework/dom-screen-surface/properties-panel-drawing.ts	colour		lane-B keep-as-is (map default)
tests/contract/cr-557-the-theme-hue-field-heads-the-settings-panel.test.ts	colour		lane-B keep-as-is (map default)
tests/contract/cr-586-the-task-group-colour-list-is-one-and-black-is-refused.test.ts	colour		lane-B keep-as-is (map default)
tests/contract/cr-586-the-task-group-colour-list-is-one-and-black-is-refused.test.ts	setTaskGroupColour	editWithSetTaskGroupColor	lane-B rewrite
tests/contract/cr-606-the-colour-field-words-follow-cv-9.test.ts	colour		lane-B keep-as-is (map default)
tests/contract/cr-727-op-17-the-drop-cue-drawn.contract.test.ts	colour		lane-B keep-as-is (map default)
tests/contract/dfc-407-417-418-the-three-fixes-of-2026-09-09.test.ts	spelt		lane-B keep-as-is (map default)
tests/contract/dfc-920-every-colour-the-image-prompt-allows-opens-as-grs-json.test.ts	colour		lane-B keep-as-is (map default)
tests/contract/display-words.contract.test.ts	colour		lane-B keep-as-is (map default)
tests/system/cr-660-the-two-table-windows-on-the-shipped-build.test.ts	colour		lane-B keep-as-is (map default)
tests/system/divider-colour-corner-and-sticky-field.test.ts	colour		lane-B keep-as-is (map default)
tests/system/measured-sweep.test.ts	colour		lane-B keep-as-is (map default)
tests/system/user-reported-fixes.test.ts	colour		lane-B keep-as-is (map default)
tests/system/w3-t1-the-parent-task-and-the-panel-task-groups.test.ts	colour		lane-B keep-as-is (map default)
tests/unit/cr-439-properties-panel-fields.test.ts	colour		lane-B keep-as-is (map default)
tests/unit/cr-558-highlight-box-grab-points-stroke-and-fill.test.ts	colour		lane-B keep-as-is (map default)
tests/unit/cr-559-comment-box-leader-handle-bundles-and-look.test.ts	colour		lane-B keep-as-is (map default)
tests/unit/fr-043-dummy-drawn.test.ts	colour		lane-B keep-as-is (map default)
tools/generate_licence.py	LICENCE	LICENSE_PATH	lane-B rewrite
