old	new	kind	files	count	collision
centre-to-centre	center-to-center	dom	1	1	
co-ordinating	coordinating	dom	1	1	
co-ordination	coordination	dom	1	1	
colour-only	color-only	dom	1	1	
cr-organise	cr-organize	dom	1	3	
custom-colour	custom-color	dom	1	2	
data-colour-choice	data-color-choice	dom	13	22	
data-colour-chosen	data-color-chosen	dom	4	4	
data-colour-custom	data-color-custom	dom	2	2	
data-colour-custom-entry	data-color-custom-entry	dom	9	10	
data-colour-palette	data-color-palette	dom	3	6	
data-colour-sides	data-color-sides	dom	1	1	
data-colour-swatch	data-color-swatch	dom	2	2	
data-colour-theme-entry	data-color-theme-entry	dom	5	5	
data-colour-transparent-slot	data-color-transparent-slot	dom	3	3	
endpoint-to-centre	endpoint-to-center	dom	1	1	
g-programme	g-program	dom	1	1	
ground-colour	ground-color	dom	1	1	
middle-centred	middle-centered	dom	1	1	
not-analysed	not-analyzed	dom	1	1	
pointer-centred	pointer-centered	dom	1	1	
annotationColour	annotationColor	identifier	1	7	
ANONYMISED	ANONYMIZED	identifier	1	2	
atCentre	atCenter	identifier	1	4	
bandCentre	bandCenter	identifier	1	10	
bandless_colour_names	bandless_color_names	identifier	2	3	
barCentre	barCenter	identifier	2	8	
behaviour	behavior	identifier	1	3	
borderColourOf	borderColorOf	identifier	1	2	
CANCELLED	CANCELED	identifier	1	2	
cancelled	canceled	identifier	5	16	
CANCELLED_BY_THE_ANSWER	CANCELED_BY_THE_ANSWER	identifier	1	2	
canoniserSource	canonizerSource	identifier	1	2	
cellCentre	cellCenter	identifier	1	6	
centre	center	identifier	45	387	lane-B
CENTRE_TOLERANCE	CENTER_TOLERANCE	identifier	1	7	
centre_x	center_x	identifier	1	5	
centre_y	center_y	identifier	1	5	
centred	centered	identifier	1	3	
centredSpan	centeredSpan	identifier	1	10	
centreGap	centerGap	identifier	1	4	
centreIsInsideCue	centerIsInsideCue	identifier	1	2	
centreOf	centerOf	identifier	13	92	
centreOfArea	centerOfArea	identifier	1	2	
centres	centers	identifier	3	6	
centreX	centerX	identifier	4	15	
centreY	centerY	identifier	4	14	
CENTRING_PROPERTIES	CENTERING_PROPERTIES	identifier	1	2	
centringOn	centeringOn	identifier	1	10	
checkerColour	checkerColor	identifier	1	3	
ChosenColour	ChosenColor	identifier	4	9	
chosenColourOf	chosenColorOf	identifier	1	3	
CL_1_COLOURS	CL_1_COLORS	identifier	1	8	
CLAUSE_COLOUR_ONLY	CLAUSE_COLOR_ONLY	identifier	1	2	
colour	color	identifier	33	189	lane-B
colour_block	color_block	identifier	1	4	
COLOUR_CHOICE_ATTRIBUTE	COLOR_CHOICE_ATTRIBUTE	identifier	1	3	
COLOUR_CONTROL	COLOR_CONTROL	identifier	1	2	
COLOUR_FIELD	COLOR_FIELD	identifier	1	2	
COLOUR_FIELD_PARTS	COLOR_FIELD_PARTS	identifier	1	5	
COLOUR_FIELD_READS	COLOR_FIELD_READS	identifier	1	2	
COLOUR_FIELD_WORDS	COLOR_FIELD_WORDS	identifier	1	2	
COLOUR_FORM	COLOR_FORM	identifier	1	2	
COLOUR_FORM_OF_COLUMN	COLOR_FORM_OF_COLUMN	identifier	2	3	
COLOUR_ITEM	COLOR_ITEM	identifier	1	7	
COLOUR_KIND	COLOR_KIND	identifier	2	3	
COLOUR_NAME_VALUES	COLOR_NAME_VALUES	identifier	5	10	
COLOUR_NAME_WORDS	COLOR_NAME_WORDS	identifier	1	2	
colour_names	color_names	identifier	1	2	
COLOUR_NOTE	COLOR_NOTE	identifier	1	2	
COLOUR_ROWS	COLOR_ROWS	identifier	1	7	
colour_sources_block	color_sources_block	identifier	1	2	
colour_spellings	color_spellings	identifier	1	2	
COLOUR_TARGETS	COLOR_TARGETS	identifier	1	3	
COLOUR_WORD	COLOR_WORD	identifier	1	4	
colourChoiceElement	colorChoiceElement	identifier	1	3	
colourChoicesOf	colorChoicesOf	identifier	1	2	
colourControlOf	colorControlOf	identifier	2	14	
colourControls	colorControls	identifier	1	3	
COLOURED	COLORED	identifier	1	11	
coloured	colored	identifier	6	34	
ColourEntrance	ColorEntrance	identifier	3	8	
ColourField	ColorField	identifier	3	15	
colourField	colorField	identifier	8	21	
colourFieldElements	colorFieldElements	identifier	1	2	
colourFieldIdentity	colorFieldIdentity	identifier	1	4	
ColourForm	ColorForm	identifier	3	15	
colourGridStyle	colorGridStyle	identifier	1	3	
ColourHolderColumn	ColorHolderColumn	identifier	1	2	
colourIn	colorIn	identifier	2	6	
ColourLook	ColorLook	identifier	1	5	
ColourName	ColorName	identifier	2	6	
colourNames	colorNames	identifier	6	15	
colourOf	colorOf	identifier	27	117	
colourOfGroup	colorOfGroup	identifier	2	5	
colourOfHeading	colorOfHeading	identifier	2	14	
colourOnly	colorOnly	identifier	1	4	
colourPropertyRows	colorPropertyRows	identifier	1	2	
colourRows	colorRows	identifier	4	12	
colours	colors	identifier	3	17	
colourSlotElement	colorSlotElement	identifier	1	2	
ColourTextHere	ColorTextHere	identifier	1	2	
colourWord	colorWord	identifier	3	12	
colourWordOf	colorWordOf	identifier	2	14	
columnCentre	columnCenter	identifier	1	2	
commandsFromVisualColour	commandsFromVisualColor	identifier	1	2	
compareLabelled	compareLabeled	identifier	1	3	
CT_4_LINE_COLOUR	CT_4_LINE_COLOR	identifier	1	6	
CUSTOM_COLOUR	CUSTOM_COLOR	identifier	1	2	
CustomColour	CustomColor	identifier	2	4	
customColourChosen	customColorChosen	identifier	4	5	
customColourOf	customColorOf	identifier	6	12	
DA_5_CENTRE	DA_5_CENTER	identifier	1	3	
defaultColour	defaultColor	identifier	6	7	
dialogueFieldMaximiseToggled	dialogueFieldMaximizeToggled	identifier	3	4	
dialogueFieldMinimiseToggled	dialogueFieldMinimizeToggled	identifier	3	4	
dividerColour	dividerColor	identifier	1	3	
dividerColoursOnBothSides	dividerColorsOnBothSides	identifier	1	2	
drawnHonouringPointerEvents	drawnHonoringPointerEvents	identifier	1	2	
EL_9_COLOUR	EL_9_COLOR	identifier	1	4	
emphasised	emphasized	identifier	2	6	
EMPHASISED_WIDTH	EMPHASIZED_WIDTH	identifier	3	15	
emphasisedLines	emphasizedLines	identifier	3	18	
emphasisedWidthOf	emphasizedWidthOf	identifier	3	8	
expectTheColourRowsLineUp	expectTheColorRowsLineUp	identifier	1	3	
exportColourOf	exportColorOf	identifier	2	18	
FK_COLOUR	FK_COLOR	identifier	1	1	
FORBIDDEN_COLOUR	FORBIDDEN_COLOR	identifier	1	5	
forgetClosedCustomColour	forgetClosedCustomColor	identifier	1	2	
FR_006_COLOUR_LAST	FR_006_COLOR_LAST	identifier	1	3	
FR_006_COLOUR_NAME_LEFT	FR_006_COLOR_NAME_LEFT	identifier	1	3	
FR_013_COLOURS	FR_013_COLORS	identifier	1	2	
FR_036_MAXIMISED	FR_036_MAXIMIZED	identifier	2	6	
FR_041_ALL_GREY	FR_041_ALL_GRAY	identifier	1	2	
FR_041_SWATCH_GREY	FR_041_SWATCH_GRAY	identifier	1	3	
FR_046_CENTRE	FR_046_CENTER	identifier	1	2	
FR_053_MINIMISED_SHOWS_THE_BAND_ONLY	FR_053_MINIMIZED_SHOWS_THE_BAND_ONLY	identifier	1	4	
FR_075_COLOURS	FR_075_COLORS	identifier	1	3	
FR_106_COLOURS	FR_106_COLORS	identifier	1	5	
G_PROGRAMME	G_PROGRAM	identifier	1	5	
grabStripCentreOn	grabStripCenterOn	identifier	1	3	
GREY	GRAY	identifier	1	3	
grey	gray	identifier	2	6	
GREY_LIGHTNESS	GRAY_LIGHTNESS	identifier	1	2	
greyChannelsOf	grayChannelsOf	identifier	1	3	
greyOf	grayOf	identifier	2	9	
gripCentreOf	gripCenterOf	identifier	1	7	
guideColour	guideColor	identifier	1	3	
HB_6_NORMALISE	HB_6_NORMALIZE	identifier	1	3	
heldColour	heldColor	identifier	1	2	
HELP_MAXIMISED	HELP_MAXIMIZED	identifier	1	2	
helpMaximiseToggled	helpMaximizeToggled	identifier	4	5	
helpMinimiseToggled	helpMinimizeToggled	identifier	4	5	
holdColourFocusTarget	holdColorFocusTarget	identifier	1	3	
honour_links	honor_links	identifier	1	2	
honouring	honoring	identifier	1	5	
hostColourInput	hostColorInput	identifier	1	3	
HT_1_NO_NEIGHBOUR	HT_1_NO_NEIGHBOR	identifier	1	3	
HT_4_NEAREST_CENTRE	HT_4_NEAREST_CENTER	identifier	1	5	
IC_MINIMISE	IC_MINIMIZE	identifier	1	9	
importCancelled	importCanceled	identifier	1	3	
INSTANT_FLAVOURS	INSTANT_FLAVORS	identifier	1	5	
isCentred	isCentered	identifier	1	2	
isCentringBox	isCenteringBox	identifier	1	2	
isEmphasised	isEmphasized	identifier	1	2	
isGrey	isGray	identifier	3	14	
isImportCancelled	isImportCanceled	identifier	2	3	
isMinimised	isMinimized	identifier	17	37	
isPaletteMinimised	isPaletteMinimized	identifier	3	3	
isParameterised	isParameterized	identifier	1	2	
isScheduleColourRow	isScheduleColorRow	identifier	4	7	
isStoredColour	isStoredColor	identifier	5	8	
Labelled	Labeled	identifier	1	2	
labelled	labeled	identifier	4	19	
labelled_cluster_of	labeled_cluster_of	identifier	1	2	
LabelledAssignee	LabeledAssignee	identifier	1	6	
labelledAssigneeOf	labeledAssigneeOf	identifier	1	3	
labelledAssigneeUidOf	labeledAssigneeUidOf	identifier	5	9	
labelledX1	labeledX1	identifier	1	2	
LF_10_BOX_CENTRE	LF_10_BOX_CENTER	identifier	1	2	
LF_18_COLOUR	LF_18_COLOR	identifier	1	2	
LICENCE	LICENSE	identifier	1	2	lane-B
licence	license	identifier	2	13	
licenceText	licenseText	identifier	9	11	
LicenceTextHere	LicenseTextHere	identifier	3	5	
lookColourRefusal	lookColorRefusal	identifier	1	4	
MARK_COLOUR_ROWS	MARK_COLOR_ROWS	identifier	4	6	
markColoursOf	markColorsOf	identifier	1	2	
markColourVariableOf	markColorVariableOf	identifier	4	6	
MAXIMISE	MAXIMIZE	identifier	3	14	
maximise	maximize	identifier	1	2	
MAXIMISE_ENTRY	MAXIMIZE_ENTRY	identifier	2	5	
MAXIMISE_ICON	MAXIMIZE_ICON	identifier	1	2	
MAXIMISE_ROW	MAXIMIZE_ROW	identifier	1	4	
MAXIMISE_TOGGLED_TO	MAXIMIZE_TOGGLED_TO	identifier	1	4	
maximised	maximized	identifier	5	17	
MINIMISE	MINIMIZE	identifier	6	39	
minimise	minimize	identifier	18	43	
MINIMISE_ENTRANCE	MINIMIZE_ENTRANCE	identifier	1	3	
MINIMISE_ENTRY	MINIMIZE_ENTRY	identifier	1	3	
MINIMISE_ROW	MINIMIZE_ROW	identifier	2	7	
MINIMISE_TOGGLED_TO	MINIMIZE_TOGGLED_TO	identifier	1	4	
minimiseAt	minimizeAt	identifier	2	5	
minimiseBox	minimizeBox	identifier	1	6	
MINIMISED	MINIMIZED	identifier	1	3	
minimised	minimized	identifier	6	18	
normalColour	normalColor	identifier	3	12	
normalisedSvg	normalizedSvg	identifier	1	7	
numbersNormalised	numbersNormalized	identifier	1	3	
OD_5_COLOUR	OD_5_COLOR	identifier	1	3	
ONE_COLOUR_ONE_WIDTH	ONE_COLOR_ONE_WIDTH	identifier	1	3	
onPaletteMinimiseToggled	onPaletteMinimizeToggled	identifier	1	2	
OP_17_NO_JUDGEMENT	OP_17_NO_JUDGMENT	identifier	1	2	
opaqueColourRefusal	opaqueColorRefusal	identifier	1	3	
openCustomColour	openCustomColor	identifier	1	7	
paintedColour	paintedColor	identifier	7	22	
PALETTE_MINIMISE_ENTRY	PALETTE_MINIMIZE_ENTRY	identifier	1	2	
PALETTE_MINIMISED_SETTING	PALETTE_MINIMIZED_SETTING	identifier	1	3	
paletteDisplayStateMachine_shown_minimised	paletteDisplayStateMachine_shown_minimized	identifier	1	1	
paletteMinimise	paletteMinimize	identifier	3	4	
paletteMinimisedForRecordOf	paletteMinimizedForRecordOf	identifier	1	2	
paletteMinimiseToggled	paletteMinimizeToggled	identifier	3	4	
ParameterisedMember	ParameterizedMember	identifier	1	4	
parsedColour	parsedColor	identifier	1	5	
PK_COLOUR	PK_COLOR	identifier	1	1	
placesByNeighbour	placesByNeighbor	identifier	1	4	
planCentre	planCenter	identifier	4	23	
pressMinimise	pressMinimize	identifier	1	3	
PROGRAMME	PROGRAM	identifier	1	5	
readLicenceLines	readLicenseLines	identifier	1	3	
recognised	recognized	identifier	1	2	
RECOLOUR	RECOLOR	identifier	1	5	
rowColour	rowColor	identifier	1	3	
RULE_COLOUR_FOLLOWS_THE_HUE	RULE_COLOR_FOLLOWS_THE_HUE	identifier	1	2	
ruleColourParts	ruleColorParts	identifier	1	2	
sameColour	sameColor	identifier	3	10	
SCHEDULE_COLOURS	SCHEDULE_COLORS	identifier	3	14	
SCHEDULE_COLOURS_SOURCES	SCHEDULE_COLORS_SOURCES	identifier	2	3	
SCREEN_COLOURS	SCREEN_COLORS	identifier	6	15	
SEARCH_MAXIMISED	SEARCH_MAXIMIZED	identifier	1	3	
SEARCH_PANEL_MINIMISE_TOGGLED	SEARCH_PANEL_MINIMIZE_TOGGLED	identifier	1	2	
searchPanelMaximiseToggled	searchPanelMaximizeToggled	identifier	4	6	
searchPanelMinimiseToggled	searchPanelMinimizeToggled	identifier	6	8	
serialisedDocument	serializedDocument	identifier	1	3	
setTaskGroupColour	setTaskGroupColor	identifier	1	5	lane-B
settledColour	settledColor	identifier	1	8	
SHOWN_MINIMISED_STATE	SHOWN_MINIMIZED_STATE	identifier	1	2	
shownThenMinimised	shownThenMinimized	identifier	1	8	
showsTheColour	showsTheColor	identifier	1	3	
SL_8_WHY_COLOUR	SL_8_WHY_COLOR	identifier	1	3	
SourceJudgement	SourceJudgment	identifier	1	5	
spelt	spelled	identifier	3	31	lane-B
statusLineCentred	statusLineCentered	identifier	3	5	
StoreBehaviour	StoreBehavior	identifier	1	2	
summarise	summarize	identifier	3	15	
swatchColours	swatchColors	identifier	1	4	
t236Colour	t236Color	identifier	1	2	
T_051_HF5_NOT_CENTRED	T_051_HF5_NOT_CENTERED	identifier	1	3	
TASK_GROUP_COLOUR_NAMES	TASK_GROUP_COLOR_NAMES	identifier	1	2	
TASK_GROUP_COLOURS	TASK_GROUP_COLORS	identifier	1	7	
templateWithRowColour	templateWithRowColor	identifier	1	3	
THE_COLOUR	THE_COLOR	identifier	1	4	
themeColourPattern	themeColorPattern	identifier	2	10	
themeColoursOf	themeColorsOf	identifier	1	3	
themedColours	themedColors	identifier	1	3	
thumbCentre	thumbCenter	identifier	1	4	
toCentre	toCenter	identifier	1	3	
togglePaletteMinimised	togglePaletteMinimized	identifier	1	2	
TOOLTIP_COLOURS	TOOLTIP_COLORS	identifier	1	3	
travelled	traveled	identifier	2	18	
unanalysedCount	unreliableCount	identifier	12	17	
undeclaredByNeighbour	undeclaredByNeighbor	identifier	1	2	
unlabelled	unlabeled	identifier	1	3	
UNSET_COLOUR_VALUE	UNSET_COLOR_VALUE	identifier	1	6	
valueLabelled	valueLabeled	identifier	1	3	
whenMinimised	whenMinimized	identifier	1	5	
whileMaximised	whileMaximized	identifier	1	2	
whileMinimised	whileMinimized	identifier	1	2	
windowMaximise	windowMaximize	identifier	2	2	
windowMinimise	windowMinimize	identifier	2	2	
withColourField	withColorField	identifier	1	2	
withColourFields	withColorFields	identifier	1	2	
withTheHelpMinimised	withTheHelpMinimized	identifier	1	2	
XML_CANONICALISER	XML_CANONICALIZER	identifier	1	2	
zoomCentreX	zoomCenterX	identifier	1	2	
zoomCentreY	zoomCenterY	identifier	1	2	
colour	color	json-key	2	151	lane-B
colourField	colorField	json-key	1	1	
colourNames	colorNames	json-key	1	1	
dialogueFieldMaximiseToggled	dialogueFieldMaximizeToggled	json-key	1	1	
dialogueFieldMinimiseToggled	dialogueFieldMinimizeToggled	json-key	1	1	
helpMaximiseToggled	helpMaximizeToggled	json-key	1	1	
helpMinimiseToggled	helpMinimizeToggled	json-key	1	1	
licence	license	json-key	1	1	
paletteMinimiseToggled	paletteMinimizeToggled	json-key	1	1	
searchPanelMaximiseToggled	searchPanelMaximizeToggled	json-key	1	1	
searchPanelMinimiseToggled	searchPanelMinimizeToggled	json-key	1	1	
divider-colour-corner-and-sticky-field	divider-color-corner-and-sticky-field	path	1	1	
fr-006-no-swatch-in-front-of-the-colour-control	fr-006-no-swatch-in-front-of-the-color-control	path	1	1	
fr-053-minimised-shows-the-band-alone	fr-053-minimized-shows-the-band-alone	path	2	3	
fr-053-re-showing-clears-the-minimise	fr-053-re-showing-clears-the-minimize	path	3	3	
generate_licence	generate_license	path	6	9	
licence	license	path	3	4	
src/adapter/screen-renderer/licence.json	src/adapter/screen-renderer/license.json	path	1	1	
src/entity/document-model/schedule/stored-colour.ts	src/entity/document-model/schedule/stored-color.ts	path	1	1	
stored-colour	stored-color	path	3	5	
tests/contract/cr-583-milestone-figures-sit-on-the-task-group-centre.contract.test.ts	tests/contract/cr-583-milestone-figures-sit-on-the-task-group-center.contract.test.ts	path	1	1	
tests/contract/cr-584-the-picture-is-painted-on-the-ground-colour.test.ts	tests/contract/cr-584-the-picture-is-painted-on-the-ground-color.test.ts	path	1	1	
tests/contract/cr-585-monochrome-greys-the-chrome-and-ground.test.ts	tests/contract/cr-585-monochrome-grays-the-chrome-and-ground.test.ts	path	1	1	
tests/contract/cr-586-the-task-group-colour-list-is-one-and-black-is-refused.test.ts	tests/contract/cr-586-the-task-group-color-list-is-one-and-black-is-refused.test.ts	path	1	1	
tests/contract/cr-592-monochrome-greys-every-t-236-task-group.test.ts	tests/contract/cr-592-monochrome-grays-every-t-236-task-group.test.ts	path	1	1	
tests/contract/cr-602-an-emphasised-dependency-line-keeps-its-colour.contract.test.ts	tests/contract/cr-602-an-emphasized-dependency-line-keeps-its-color.contract.test.ts	path	1	1	
tests/contract/cr-606-the-colour-field-words-follow-cv-9.test.ts	tests/contract/cr-606-the-color-field-words-follow-cv-9.test.ts	path	1	1	
tests/contract/dfc-1412-fr-006-every-target-lists-its-looks-in-one-order-one-colour-a-task-group.test.ts	tests/contract/dfc-1412-fr-006-every-target-lists-its-looks-in-one-order-one-color-a-task-group.test.ts	path	1	1	
tests/contract/dfc-707-fr-102-a-hidden-palette-is-never-recorded-as-minimised.test.ts	tests/contract/dfc-707-fr-102-a-hidden-palette-is-never-recorded-as-minimized.test.ts	path	1	1	
tests/contract/dfc-806-double-clicking-a-highlight-box-focuses-its-frame-colour.test.ts	tests/contract/dfc-806-double-clicking-a-highlight-box-focuses-its-frame-color.test.ts	path	1	1	
tests/contract/dfc-920-every-colour-the-image-prompt-allows-opens-as-grs-json.test.ts	tests/contract/dfc-920-every-color-the-image-prompt-allows-opens-as-grs-json.test.ts	path	1	1	
tests/contract/fr-006-no-swatch-in-front-of-the-colour-control.test.ts	tests/contract/fr-006-no-swatch-in-front-of-the-color-control.test.ts	path	1	1	
tests/contract/w3-t1-theme-colours-are-solved-per-hue.contract.test.ts	tests/contract/w3-t1-theme-colors-are-solved-per-hue.contract.test.ts	path	1	1	
tests/contract/w3-t4-the-theme-colours-are-solved-per-hue.test.ts	tests/contract/w3-t4-the-theme-colors-are-solved-per-hue.test.ts	path	1	1	
tests/contract/w3-t5-ws-2-four-moments-and-the-un-8-judgement.contract.test.ts	tests/contract/w3-t5-ws-2-four-moments-and-the-un-8-judgment.contract.test.ts	path	1	1	
tests/system/cr-664-the-colour-rows-line-up-with-the-other-fields.test.ts	tests/system/cr-664-the-color-rows-line-up-with-the-other-fields.test.ts	path	1	1	
tests/system/cr-667-panel-divider-in-the-rule-colour.test.ts	tests/system/cr-667-panel-divider-in-the-rule-color.test.ts	path	1	1	
tests/system/cr-669-the-help-maximises-to-the-schedule-canvas.test.ts	tests/system/cr-669-the-help-maximizes-to-the-schedule-canvas.test.ts	path	1	1	
tests/system/divider-colour-corner-and-sticky-field.test.ts	tests/system/divider-color-corner-and-sticky-field.test.ts	path	1	1	
tests/unit/cr-551-delete-all-rows-date-fields-and-colour-field.test.ts	tests/unit/cr-551-delete-all-rows-date-fields-and-color-field.test.ts	path	1	1	
tests/unit/cr-551-focus-withdrawal-and-frame-colour.test.ts	tests/unit/cr-551-focus-withdrawal-and-frame-color.test.ts	path	1	1	
tests/unit/cr-551-row-fields-keys-and-colour-field-settles.test.ts	tests/unit/cr-551-row-fields-keys-and-color-field-settles.test.ts	path	1	1	
tests/unit/dfc-785-the-minimised-band-shows-that-the-record-runs.test.ts	tests/unit/dfc-785-the-minimized-band-shows-that-the-record-runs.test.ts	path	1	1	
tests/unit/fr-053-re-showing-clears-the-minimise.test.ts	tests/unit/fr-053-re-showing-clears-the-minimize.test.ts	path	1	1	
tools/generate_licence.py	tools/generate_license.py	path	1	1	
analysed	analyzed	prose	3	3	
authorises	authorizes	prose	1	1	
BEHAVIOUR	BEHAVIOR	prose	6	6	
Behaviour	Behavior	prose	1	1	
behaviour	behavior	prose	22	34	
behavioural	behavioral	prose	3	3	
behaviours	behaviors	prose	1	1	
burnt	burned	prose	5	34	
burnt-seat	burned-seat	prose	1	1	
cancelled	canceled	prose	10	40	
cancelling	canceling	prose	3	3	
capitalised	capitalized	prose	2	2	
CENTRE	CENTER	prose	3	7	
centre	center	prose	49	95	lane-B
centred	centered	prose	18	35	
centres	centers	prose	7	13	
CENTRING	CENTERING	prose	1	1	
centring	centering	prose	3	4	
co-ordinates	coordinates	prose	1	1	
co-ordinating	coordinating	prose	1	2	
co-ordination	coordination	prose	1	1	
COLOUR	COLOR	prose	10	16	
Colour	Color	prose	4	12	
colour	color	prose	133	517	lane-B
coloured	colored	prose	6	8	
colourless	colorless	prose	2	2	
COLOURS	COLORS	prose	1	1	
Colours	Colors	prose	3	4	
colours	colors	prose	34	80	
cr-organise	cr-organize	prose	1	6	
custom-colour	custom-color	prose	1	1	
emphasised	emphasized	prose	3	8	
EMPHASISES	EMPHASIZES	prose	1	1	
emphasises	emphasizes	prose	1	1	
endpoint-to-centre	endpoint-to-center	prose	2	2	
favour	favor	prose	1	1	
flavour	flavor	prose	1	3	
generalisation	generalization	prose	1	1	
GENERALISED	GENERALIZED	prose	1	1	
generalises	generalizes	prose	1	1	
grey	gray	prose	10	29	
greyed	grayed	prose	2	2	
greying	graying	prose	3	3	
greys	grays	prose	3	5	
ground-coloured	ground-colored	prose	1	1	
HONOURED	HONORED	prose	4	5	
honoured	honored	prose	10	10	
honouring	honoring	prose	2	2	
HONOURS	HONORS	prose	1	1	
honours	honors	prose	1	1	
Human-centred	Human-centered	prose	1	1	
industry-flavoured	industry-flavored	prose	1	1	
initialisation	initialization	prose	1	1	
initialise	initialize	prose	2	2	
JUDGEMENT	JUDGMENT	prose	2	2	
Judgement	Judgment	prose	1	1	
judgement	judgment	prose	21	35	
JUDGEMENTS	JUDGMENTS	prose	1	1	
judgements	judgments	prose	3	3	
labelled	labeled	prose	7	12	
learnt	learned	prose	1	1	
Licence	License	prose	2	3	
licence	license	prose	15	32	
line-colour	line-color	prose	1	1	
localisation	localization	prose	2	3	
Maximise	Maximize	prose	1	2	
maximise	maximize	prose	2	2	
maximised	maximized	prose	25	98	
maximises	maximizes	prose	2	3	
Minimise	Minimize	prose	1	4	
minimise	minimize	prose	8	23	
MINIMISED	MINIMIZED	prose	1	1	
minimised	minimized	prose	38	140	
minimises	minimizes	prose	5	5	
minimising	minimizing	prose	3	4	
mitred	mitered	prose	1	1	
NEIGHBOUR	NEIGHBOR	prose	2	2	
neighbour	neighbor	prose	14	17	
neighbouring	neighboring	prose	22	22	
NEIGHBOURS	NEIGHBORS	prose	3	3	
neighbours	neighbors	prose	14	18	
neutralises	neutralizes	prose	1	1	
NORMALISATION	NORMALIZATION	prose	1	1	
normalisation	normalization	prose	6	8	
Normalise	Normalize	prose	3	3	
normalise	normalize	prose	1	1	
Normalised	Normalized	prose	1	1	
normalised	normalized	prose	7	7	
NORMALISER	NORMALIZER	prose	1	2	
normalises	normalizes	prose	2	3	
Normalising	Normalizing	prose	1	2	
normalising	normalizing	prose	2	2	
NOT-minimised	NOT-minimized	prose	1	1	
optimisation	optimization	prose	1	1	
organisation	organization	prose	3	3	
parameterisation	parameterization	prose	1	2	
Programme	Program	prose	8	16	
programme	program	prose	5	13	
quantisation	quantization	prose	1	1	
quantised	quantized	prose	1	1	
randomises	randomizes	prose	1	1	
rasterised	rasterized	prose	1	1	
rasteriser	rasterizer	prose	3	7	
realised	realized	prose	1	1	
recognise	recognize	prose	3	8	
Recognised	Recognized	prose	1	1	
recognised	recognized	prose	6	6	
recognises	recognizes	prose	6	7	
recoloured	recolored	prose	1	1	
recolours	recolors	prose	1	1	
SERIALISED	SERIALIZED	prose	1	1	
serialised	serialized	prose	1	1	
sit-on-the-task-group-centre	sit-on-the-task-group-center	prose	1	1	
SPELT	SPELLED	prose	2	5	
spelt	spelled	prose	12	23	lane-B
Stabilise	Stabilize	prose	2	5	
summarise	summarize	prose	1	1	
summarised	summarized	prose	1	3	
theme-coloured	theme-colored	prose	1	1	
travelled	traveled	prose	7	9	
travelling	traveling	prose	1	2	
two-colour	two-color	prose	2	3	
unanalysed	unreliable	prose	3	3	
unrecognised	unrecognized	prose	5	9	
