file	line	old	new	existing-name	verdict	rewrite	reason
docs/spec/_source/build.py	274	centre	center	center only inside the draw.io style string LABEL_STYLE (222, align=center)	keep-as-is	-	the nested def centre(cell_id) (274, 297) becomes center(); no Python name center exists in the file
docs/spec/_source/erd_json_to_schema.py	173	colour (colour_names, bandless_colour_names, CUSTOM_COLOUR)	color (color_names, bandless_color_names, CUSTOM_COLOR)	the column kind string 'color' (391)	keep-as-is	-	the American names are new names; 'color' is a kind value, not a name
src/adapter/screen-renderer/properties-panel.ts	1510	colour (key of the PropertyControl literal)	color	kind value 'color' (409, 1489, 1530); column key color (1381, 1432)	keep-as-is	-	a property beside a string literal value; TS7 binding diff 0 and tsc errors identical before/after
src/adapter/screen-renderer/screen-renderer.ts	289	colour?: ColourField	color?: ColorField	PropertyControlKind member 'color' (229)	keep-as-is	-	a property and a string literal type do not share a namespace; no duplicate member (tsc unchanged)
src/adapter/svg-renderer/svg-renderer.ts	111	colour (parameters of selectionFrameSvg and achromatic)	color	color in SVG and CSS text	keep-as-is	-	parameters only; TS7 binding diff 0
src/framework/dom-screen-surface/dom-screen-surface.ts	305	colour (loop const over ENTRANCE_STATE_FILL)	color	the CSS property color: in template strings (306)	keep-as-is	-	reads background:${color};color:${glyph}; binding diff 0
src/framework/dom-screen-surface/properties-panel-drawing.ts	456	colour (40 reads of control.colour; indexed type PropertyControl['colour'] at 377)	color	kind keys color (147, 158, 172, 184); CSS color:	keep-as-is	-	the string 'colour' inside the indexed access type (377) must follow the property; the text-wide sub-word rename does it; binding diff 0
tests/contract/cr-557-the-theme-hue-field-heads-the-settings-panel.test.ts	157	colour (reads of control.colour)	color	input type 'color' (461)	keep-as-is	-	property reads only; binding diff 0
tests/contract/cr-586-the-task-group-colour-list-is-one-and-black-is-refused.test.ts	285	colour (reads of control.colour)	color	parameter color of the helper (122)	keep-as-is	-	property reads only; binding diff 0
tests/contract/cr-586-the-task-group-colour-list-is-one-and-black-is-refused.test.ts	122	setTaskGroupColour	setTaskGroupColor	command kind string 'setTaskGroupColor' (123) and CM-30 in the describe title (127)	rewrite	editWithSetTaskGroupColor	no import, so no clash, but the helper would read as the command CM-30 itself; it runs editDocument with that command (lines 122, 129, 135, 143, 149)
tests/contract/cr-606-the-colour-field-words-follow-cv-9.test.ts	160	colour (reads of control.colour)	color	kind 'color' (153); column 'color' (168, 222)	keep-as-is	-	property reads only; binding diff 0
tests/contract/cr-727-op-17-the-drop-cue-drawn.contract.test.ts	82	colour (interface field and object keys)	color	CSS names border-color, background-color in strings (95, 106)	keep-as-is	-	a field name beside CSS strings; binding diff 0
tests/contract/dfc-407-417-418-the-three-fixes-of-2026-09-09.test.ts	301	spelt (local const)	spelled	spelled only in doc comments (218, 225)	keep-as-is	-	no identifier named spelled exists; the comments are prose
tests/contract/dfc-920-every-colour-the-image-prompt-allows-opens-as-grs-json.test.ts	51	colour (parameter of documentWith)	color	property .color of taskGroups[0] (55)	keep-as-is	-	raw[...].color = color reads as intended; binding diff 0
tests/contract/display-words.contract.test.ts	2450	colour (reads of view?.colour)	color	fixture key color: null (1473)	keep-as-is	-	property reads only; binding diff 0
tests/system/cr-660-the-two-table-windows-on-the-shipped-build.test.ts	315	colour (field of the returned cell)	color	style.color (322)	keep-as-is	-	{ color: style.color } reads as intended
tests/system/divider-colour-corner-and-sticky-field.test.ts	529	colour (page.evaluate parameter)	color	probe.style.color (532)	keep-as-is	-	parameter inside the evaluated function; binding diff 0
tests/system/measured-sweep.test.ts	605	colour (const holding U+8272)	color	input[type="color"] selectors (1764, 1779)	keep-as-is	-	a local const; strings untouched in meaning
tests/system/user-reported-fixes.test.ts	727	colour (arrow parameter)	color	probe.style.color (729, 730)	keep-as-is	-	parameter only; binding diff 0
tests/system/w3-t1-the-parent-task-and-the-panel-task-groups.test.ts	111	colour (parameter of inkOf)	color	probe.style.color (114, 116)	keep-as-is	-	parameter passed into page.evaluate; binding diff 0
tests/unit/cr-439-properties-panel-fields.test.ts	87	colour (fixture key)	color	kind 'color' (85, 249)	keep-as-is	-	follows the PropertyControl field rename
tests/unit/cr-558-highlight-box-grab-points-stroke-and-fill.test.ts	850	colour (loop const)	color	fixture key color: null (221)	keep-as-is	-	loop const in its own block; binding diff 0
tests/unit/cr-559-comment-box-leader-handle-bundles-and-look.test.ts	1117	colour (loop consts)	color	fixture key color: null (257)	keep-as-is	-	loop consts in their own blocks; binding diff 0
tests/unit/fr-043-dummy-drawn.test.ts	1204	colour (loop const over figure.colours)	color	fixture key color: null (307)	keep-as-is	-	loop const; binding diff 0
tools/generate_entity_types.py	2027	colour (colour_block, colour_sources_block, COLOUR_TARGETS, COLOUR_NOTE)	color	kind string 'color' (93, 201)	keep-as-is	-	new names; 'color' is a kind value. The emitted names are in spelling-generators-cr730.tsv
tools/generate_licence.py	34	LICENCE	LICENSE	the file name string 'LICENSE' (34, 44, 115, 118)	rewrite	LICENSE_PATH	LICENSE = os.path.join(ROOT, 'LICENSE') names a path after the file it points at; LICENSE_PATH matches OUT / REL_OUT (also line 95)
docs/spec/_source/display-words.json	5384	unanalysed (part key of delayReportSummary)	unreliable	DG-1 en 'Unreliable, fix needed' (5315) is a rowId entry of delayReportStatuses, not a part	keep-as-is	-	JDG-1924; delayReportSummary holds no part unreliable, so the key stays unique
tools/generate_display_words.py	419	'unanalysed' (DELAY_REPORT_SUMMARY_PARTS)	'unreliable'	none in the tuple	keep-as-is	-	JDG-1924; same commit as the dictionary key and the src reader
src/adapter/screen-renderer/delay-diagnostics-report.ts	411	word('unanalysed')	word('unreliable')	DelayReportReason kind 'unreliable' (231, 244, 260)	keep-as-is	-	JDG-1924; a summary part key and a reason kind are different namespaces
src/entity/document-model/schedule/delay-diagnostics.ts	90	unanalysedCount	unreliableCount	local Set unreliable from wallsOf (172, 852, 1126, 1139)	keep-as-is	-	JDG-1924; no identifier clash (binding diff 0). Note: the count is over doubted (DG-1, line 1151), of which the local unreliable (walls) is a subset; unreliableCount is not unreliable.size
docs/spec/_source/row-id-prefixes.json	623	miNimised (words of prefix HN)	miNimized	-	rewrite	Help miNimized	the inner capital N is a prefix mnemonic, not a camelCase seam: a sub-word split reads mi + Nimised and misses it (survey and renamer); the patched check 32 finds it case-insensitively. The generated tbl-row-id-prefixes.md:121 follows via npm run gen
package.json	68	licence (script names licence, licence:check)	license	top-level field "license": "Apache-2.0" (6)	keep-as-is	-	the scripts object and the package root are different objects; gen and gen:check (25, 26) call it as npm run license
docs/spec/_source/settings.json	6236	colour (150 cell keys)	color	no key color in the file	keep-as-is	-	keys stay unique; the readers that must change in the same commit are in spelling-generators-cr730.tsv
